subreddit,title,symbol
wallstreetbets,"Weekend Discussion Thread for the Weekend of January 22, 2021",
wallstreetbets,GMREEEEEEEEEEkend Containment Thread - GME shitposts go here,GME
wallstreetbets,GME YOLO update â€” Jan 22 2021,GME
wallstreetbets,First 20 bagger! GME to 100 EOW,GME
wallstreetbets,GME!!! ğŸš€ğŸŒ•ğŸ’ğŸ™ŒğŸ» Portfolio up 69.69%!!!,GME
wallstreetbets,Welcome to Reddit r/Wallstreetbets : The best place on the internet to get tips on traditional Mongolian Basket Weaving.,
wallstreetbets,I'm sorry to who sold me these at $.0577 today,
wallstreetbets,Holy shit i just turned 18 and put all my money into GME. I will continue to holdğŸš€ğŸš€ğŸš€ğŸš€,GME
wallstreetbets,*CITRON SAYS NO LONGER COMMENTING ON GAMESTOPğŸš€ğŸš€ğŸš€ğŸš€ğŸš€,GME
wallstreetbets,"You retards cost me $16,000 today on GME. I bet against WSB and learned that Iâ€™m the retarded one for underestimating the power of a bunch of degenerates.",GME
wallstreetbets,"""Itâ€™s hard to see PLTR stock surging to $30 per share"" -Investorplace.com, hours before it hits $30.",PLTR
wallstreetbets,GME is going to let me own a homeğŸš€ğŸš€ğŸš€ğŸš€ğŸš€ğŸš€ğŸš€ğŸš€,GME
wallstreetbets,Deepfuckingthankyou,
wallstreetbets,Doing my part for my kid. Dumped his entire savings of 2500 into Gamestop at 37. He's now got almost 6k lol. He has no idea,GME
wallstreetbets,GME MOASS Update: ORTEX Data (1/22/21),GME
wallstreetbets,A hedge fund managers perspective on GME,GME
wallstreetbets,5Mâœ… See you boys at 8 figures or zero. Positions-Gme mostly,GME
wallstreetbets,GMREEEEEEEEEEEE Containment Thread - GME shitposts go here,GME
wallstreetbets,"GME winners - remember to give back, I'll start",GME
wallstreetbets,PLTR GANG - Destroying ğŸŒˆğŸ»'s and Boomers,PLTR
stocks,Rate My Portfolio - r/Stocks Quarterly Thread December 2020
stocks,"r/Stocks Daily Discussion & Fundamentals Friday Jan 22, 2021"
stocks,"GME $71 as of right now. Are you guys selling it putting a limit order? And if you are, at what price?",GME
stocks,"GameStop soars nearly 70%, trading briefly halted amid epic short squeeze",GME
stocks,Did... did we do this??
stocks,Complete PLTR DD ahead of Demo Day (Valuation Included),PLTR
stocks,Gamestop to 100?,GME
stocks,The Importance of whats happening with GME,GME,
stocks,"Microsoft announced theyâ€™re doubling the price of their Xbox Live membership. Even further bull case for PC stocks? (CRSR, NVDA, AMD, etc)",CRSR
stocks,"Disney [DIS] Stock Price Target Prediction & Analysis [Technical, Fundamental & DCF] Can Disney 2x?!",DIS
stocks,PLTR - sell now or hold till the meeting?,PLTR
stocks,"Can someone ELI5, what's going on with $GME?",GME
stocks,The Next Great Renewable Energy Firm,
stocks,"I want to hear a Bear case for BB, without bringing up the past - as if they are a fresh company",BB
stocks,Is it too late to buy $GME calls?,GME
stocks,"GEVO right now, they have a conference Monday",GEVO
stocks,Highest (safe) return ETFs?,
stocks,JPMorgan Upgrades Ford (F) to Overweight with a target of $14,F
stocks,Understanding Blackberry (Limited knowledge of soccer required),BB
stocks,"Forbes: Hereâ€™s Why The Future Of Movie Theaters May Be Brighter Than It Looks ($AMC, $CNK)",AMC
investing,Formal posting guidelines for political topics and what constitutes investment vs corporate news. **READ BEFORE COMMENTING IN THIS SUB PLEASE**,
investing,Daily Advice Thread - All basic help or advice questions must be posted here.,
investing,GameStop (GME) halted at $72.80,GME
investing,Cathie Wood says there have been net outflows from equities since 2018. How is this possible if they've been rising for years?,
investing,Bitcoin Plunge Has Newbies Scrambling to Google 'Double-Spend',
investing,events like PLTR demo day,PLTR
investing,Suspected Fraud: Tom Nash (Finance youtuber),
investing,What are your thoughts on Chamath Palihapitiya?,
investing,"After weeks of internal U.S. government deliberation, Baidu, Alibaba and Tencentâ€”the Chinese internet giants also known as the â€œBATâ€â€”will remain available to American investors.",BIDU
investing,"Horizon's Psychedelic ETF (PSYK) is expected to commence trading Jan. 26, 2021 and includes 17 psychedelic companies in the first ever Psychedelic ETF",PSYK
investing,"In July of 1999, the S&P's earnings yield was 3%. The 10-year bond at that time? Roughly 5%. Today the S&P earnings yield is ~2.6%. The 10-year bond? 1.1%. We are nowhere near as overvalued as we were in 1999.",SPY
investing,Who will obviously benefit from COVID life going away?,
investing,Why is target considered consumer discretionary and walmart is consider consumer staples?,TGT
investing,Buying ETFs with volume < 30K,
investing,ETF Data center REIT surefire or am I wrong?,
investing,Question about GME,GME
investing,My Trade Plan - what your opinion?,
investing,Question on a side door strategy to investing in a Roth IRA,
investing,"Currently have $150k in stock. Leave it, or invest in second house?",
investing,stock went up but my put also went up,
